model,stimulus amplitude (uA),electrode distance (um),latency (ms),amplitude level
briaire_05,1.1768221855163574,200,2.0809999999999995,1.0625
briaire_05,1.2460470199584959,200,2.068,1.125
briaire_05,1.3152718544006348,200,2.0619999999999994,1.1875
briaire_05,1.3844966888427734,200,2.057,1.25
briaire_05,1.6811745507376534,200,2.0460000000000003,1.5178571428571428
briaire_05,1.9778524126325328,200,2.039,1.7857142857142854
briaire_05,2.274530274527414,200,2.033,2.053571428571429
briaire_05,2.5712081364222934,200,2.0289999999999995,2.3214285714285707
briaire_05,2.8678859983171736,200,2.026,2.5892857142857144
briaire_05,3.164563860212054,200,2.023,2.8571428571428568
briaire_05,3.4612417221069336,200,2.02,3.125
briaire_05,3.757919584001813,200,2.0180000000000002,3.3928571428571432
briaire_05,4.054597445896694,200,2.016,3.6607142857142856
briaire_05,4.351275307791574,200,2.014,3.928571428571428
briaire_05,4.647953169686454,200,2.012,4.196428571428571
briaire_05,4.944631031581333,200,2.01,4.464285714285714
briaire_05,5.241308893476214,200,2.0089999999999995,4.7321428571428585
briaire_05,5.537986755371094,200,2.008,5.0
briaire_05,3.652769327163696,300,2.082,1.0625
briaire_05,3.867638111114502,300,2.068,1.125
briaire_05,4.0825068950653085,300,2.0619999999999994,1.1875
briaire_05,4.297375679016113,300,2.057,1.25
briaire_05,5.218241895948136,300,2.0460000000000003,1.5178571428571428
briaire_05,6.1391081128801614,300,2.039,1.7857142857142856
briaire_05,7.059974329812187,300,2.033,2.053571428571429
briaire_05,7.98084054674421,300,2.0289999999999995,2.3214285714285707
briaire_05,8.901706763676234,300,2.026,2.5892857142857144
briaire_05,9.822572980608259,300,2.024,2.8571428571428568
briaire_05,10.743439197540278,300,2.0209999999999995,3.125
briaire_05,11.664305414472306,300,2.019,3.3928571428571432
briaire_05,12.58517163140433,300,2.0180000000000002,3.6607142857142856
briaire_05,13.506037848336355,300,2.016,3.928571428571429
briaire_05,14.426904065268376,300,2.0149999999999992,4.196428571428571
briaire_05,15.347770282200404,300,2.014,4.464285714285714
briaire_05,16.26863649913243,300,2.013,4.7321428571428585
briaire_05,17.189502716064453,300,2.012,5.0
briaire_05,15.861868858337402,500,2.0860000000000003,1.0625
briaire_05,16.794919967651367,500,2.07,1.125
briaire_05,17.727971076965332,500,2.063,1.1875
briaire_05,18.661022186279297,500,2.0580000000000003,1.25
briaire_05,22.65981265476772,500,2.0460000000000003,1.5178571428571428
briaire_05,26.658603123256132,500,2.039,1.7857142857142856
briaire_05,30.657393591744565,500,2.035,2.053571428571429
briaire_05,34.65618406023298,500,2.031,2.3214285714285707
briaire_05,38.654974528721404,500,2.028,2.5892857142857144
briaire_05,42.653764997209834,500,2.024,2.8571428571428568
briaire_05,46.65255546569824,500,2.016,3.125
briaire_05,50.65134593418666,500,1.999,3.3928571428571432
briaire_05,54.650136402675095,500,1.9499999999999995,3.6607142857142856
briaire_05,58.6489268711635,500,1.892,3.928571428571429
briaire_05,62.647717339651926,500,1.876,4.196428571428571
briaire_05,66.64650780814034,500,1.868,4.464285714285714
briaire_05,70.64529827662878,500,1.8629999999999995,4.7321428571428585
briaire_05,74.64408874511719,500,1.859,5.0
briaire_05,42.18523502349853,700,2.0889999999999995,1.0625
briaire_05,44.66671943664553,700,2.071,1.125
briaire_05,47.14820384979249,700,2.064,1.1875
briaire_05,49.62968826293946,700,2.0580000000000003,1.25
briaire_05,60.26462146214077,700,2.044,1.5178571428571428
briaire_05,70.89955466134208,700,2.0289999999999995,1.7857142857142858
briaire_05,81.53448786054341,700,1.973,2.053571428571429
briaire_05,92.16942105974468,700,1.8780000000000001,2.3214285714285707
briaire_05,102.80435425894606,700,1.865,2.5892857142857144
briaire_05,113.43928745814732,700,1.857,2.8571428571428568
briaire_05,124.07422065734863,700,1.852,3.125
briaire_05,134.70915385654996,700,1.848,3.3928571428571432
briaire_05,145.34408705575132,700,1.844,3.660714285714286
briaire_05,155.97902025495262,700,1.841,3.928571428571429
briaire_05,166.6139534541539,700,1.839,4.196428571428571
briaire_05,177.24888665335519,700,1.837,4.464285714285714
briaire_05,187.88381985255654,700,1.835,4.7321428571428585
briaire_05,198.51875305175784,700,1.8330000000000002,5.0
briaire_05,119.80078220367432,1000,2.083,1.0625
briaire_05,126.84788703918457,1000,2.0609999999999995,1.125
briaire_05,133.8949918746948,1000,2.0469999999999997,1.1875
briaire_05,140.9420967102051,1000,2.03,1.25
briaire_05,171.14397457667758,1000,1.874,1.5178571428571428
briaire_05,201.3458524431501,1000,1.858,1.7857142857142856
briaire_05,231.5477303096226,1000,1.849,2.053571428571429
briaire_05,261.74960817609514,1000,1.844,2.3214285714285707
briaire_05,291.9514860425677,1000,1.839,2.5892857142857144
briaire_05,322.1533639090402,1000,1.835,2.8571428571428568
briaire_05,352.3552417755127,1000,1.832,3.125
briaire_05,382.55711964198525,1000,1.829,3.3928571428571432
briaire_05,412.7589975084577,1000,1.827,3.6607142857142856
briaire_05,442.96087537493037,1000,1.825,3.928571428571429
briaire_05,473.1627532414028,1000,1.8230000000000002,4.196428571428571
briaire_05,503.3646311078753,1000,1.821,4.464285714285714
briaire_05,533.5665089743478,1000,1.82,4.7321428571428585
briaire_05,563.7683868408202,1000,1.818,5.0
briaire_05,372.2936742007733,1500,1.9439999999999995,1.0
briaire_05,395.5620288383216,1500,1.883,1.0625
briaire_05,418.83038347587,1500,1.872,1.125
briaire_05,442.0987381134182,1500,1.865,1.1875
briaire_05,465.36709275096666,1500,1.861,1.25
briaire_05,565.0886126261738,1500,1.848,1.5178571428571428
briaire_05,664.8101325013807,1500,1.84,1.7857142857142856
briaire_05,764.5316523765881,1500,1.834,2.053571428571429
briaire_05,864.253172251795,1500,1.829,2.3214285714285707
briaire_05,963.9746921270023,1500,1.826,2.5892857142857144
briaire_05,1063.6962120022092,1500,1.822,2.8571428571428568
briaire_05,1163.4177318774166,1500,1.819,3.125
briaire_05,1263.1392517526235,1500,1.8169999999999995,3.3928571428571432
briaire_05,1362.860771627831,1500,1.815,3.6607142857142856
briaire_05,1462.5822915030378,1500,1.8130000000000002,3.928571428571429
briaire_05,1562.303811378245,1500,1.811,4.196428571428571
briaire_05,1662.0253312534521,1500,1.8090000000000002,4.464285714285714
briaire_05,1761.7468511286593,1500,1.8069999999999995,4.7321428571428585
briaire_05,1861.4683710038667,1500,1.806,5.0
briaire_05,871.8147359788417,2000,1.871,1.0
briaire_05,926.3031569775194,2000,1.864,1.0625
briaire_05,980.791577976197,2000,1.859,1.125
briaire_05,1035.2799989748744,2000,1.855,1.1875
briaire_05,1089.768419973552,2000,1.851,1.25
briaire_05,1323.290224253599,2000,1.841,1.5178571428571428
briaire_05,1556.8120285336456,2000,1.834,1.7857142857142856
briaire_05,1790.3338328136929,2000,1.828,2.053571428571429
briaire_05,2023.8556370937397,2000,1.8230000000000002,2.3214285714285707
briaire_05,2257.3774413737865,2000,1.819,2.5892857142857144
briaire_05,2490.899245653833,2000,1.816,2.8571428571428568
briaire_05,2724.42104993388,2000,1.8130000000000002,3.125
briaire_05,2957.942854213927,2000,1.81,3.3928571428571432
briaire_05,3191.4646584939733,2000,1.808,3.6607142857142856
briaire_05,3424.986462774021,2000,1.806,3.928571428571429
briaire_05,3658.508267054068,2000,1.804,4.196428571428571
briaire_05,3892.030071334115,2000,1.802,4.464285714285714
briaire_05,4125.551875614162,2000,1.8,4.732142857142857
briaire_05,4359.073679894208,2000,1.7979999999999996,5.0
briaire_05,2836.1884035170074,3000,1.8629999999999995,1.0
briaire_05,3013.450178736821,3000,1.858,1.0625
briaire_05,3190.7119539566334,3000,1.854,1.125
briaire_05,3367.9737291764463,3000,1.85,1.1875
briaire_05,3545.23550439626,3000,1.847,1.25
briaire_05,4304.928826766886,3000,1.837,1.5178571428571428
briaire_05,5064.622149137513,3000,1.83,1.7857142857142854
briaire_05,5824.315471508141,3000,1.824,2.053571428571429
briaire_05,6584.008793878767,3000,1.819,2.3214285714285707
briaire_05,7343.702116249395,3000,1.814,2.5892857142857144
briaire_05,8103.395438620021,3000,1.811,2.8571428571428568
briaire_05,8863.08876099065,3000,1.8069999999999995,3.125
briaire_05,9622.782083361275,3000,1.804,3.3928571428571423
briaire_05,10382.475405731902,3000,1.802,3.6607142857142856
briaire_05,11142.16872810253,3000,1.7989999999999997,3.928571428571429
briaire_05,11901.862050473157,3000,1.797,4.196428571428571
briaire_05,12661.555372843784,3000,1.7949999999999997,4.464285714285714
briaire_05,13421.248695214412,3000,1.7930000000000001,4.7321428571428585
briaire_05,14180.942017585037,3000,1.7909999999999997,5.0
briaire_05,12657.34008178115,5000,1.862,1.0
briaire_05,13448.423836892473,5000,1.857,1.0625
briaire_05,14239.507592003794,5000,1.8529999999999995,1.125
briaire_05,15030.591347115118,5000,1.85,1.1875
briaire_05,15821.67510222644,5000,1.847,1.25
briaire_05,19212.034052703533,5000,1.837,1.5178571428571428
briaire_05,22602.393003180627,5000,1.829,1.7857142857142856
briaire_05,25992.751953657724,5000,1.822,2.053571428571429
briaire_05,29383.11090413481,5000,1.8169999999999995,2.3214285714285707
briaire_05,32773.46985461191,5000,1.812,2.5892857142857144
briaire_05,36163.82880508901,5000,1.808,2.8571428571428568
briaire_05,39554.18775556609,5000,1.805,3.125
briaire_05,42944.54670604319,5000,1.8009999999999995,3.3928571428571432
briaire_05,46334.905656520285,5000,1.7979999999999996,3.6607142857142856
briaire_05,49725.26460699737,5000,1.7949999999999997,3.928571428571429
briaire_05,53115.62355747447,5000,1.7930000000000001,4.196428571428571
briaire_05,56505.98250795157,5000,1.79,4.464285714285714
briaire_05,59896.341458428666,5000,1.7879999999999996,4.7321428571428585
briaire_05,63286.70040890576,5000,1.7859999999999998,5.0
imennov_09,0.5316734313964843,200,0.30999999999999994,1.0
imennov_09,0.5649030208587645,200,0.3059999999999998,1.0625
imennov_09,0.5981326103210448,200,0.3029999999999999,1.125
imennov_09,0.6313621997833251,200,0.29999999999999993,1.1875
imennov_09,0.6645917892456054,200,0.29799999999999965,1.25
imennov_09,0.8070043155125207,200,0.2899999999999999,1.5178571428571428
imennov_09,0.949416841779436,200,0.28499999999999964,1.7857142857142856
imennov_09,1.0918293680463518,200,0.281,2.053571428571429
imennov_09,1.234241894313267,200,0.278,2.3214285714285707
imennov_09,1.3766544205801825,200,0.2759999999999997,2.5892857142857144
imennov_09,1.519066946847098,200,0.2750000000000001,2.8571428571428568
imennov_09,1.6614794731140132,200,0.2729999999999998,3.125
imennov_09,1.8038919993809288,200,0.2719999999999997,3.3928571428571432
imennov_09,1.9463045256478442,200,0.2719999999999997,3.6607142857142856
imennov_09,2.0887170519147595,200,0.271,3.928571428571429
imennov_09,2.2311295781816747,200,0.26999999999999985,4.196428571428571
imennov_09,2.3735421044485903,200,0.26999999999999985,4.464285714285714
imennov_09,2.5159546307155063,200,0.26999999999999985,4.7321428571428585
imennov_09,2.658367156982421,200,0.2689999999999997,5.0
imennov_09,1.2895584106445317,300,0.3159999999999999,1.0
imennov_09,1.370155811309815,300,0.30999999999999994,1.0625
imennov_09,1.450753211975098,300,0.3059999999999998,1.125
imennov_09,1.5313506126403809,300,0.3029999999999999,1.1875
imennov_09,1.6119480133056645,300,0.30100000000000005,1.25
imennov_09,1.9573654447283064,300,0.2919999999999997,1.5178571428571428
imennov_09,2.3027828761509492,300,0.2859999999999998,1.7857142857142854
imennov_09,2.6482003075735916,300,0.2819999999999997,2.053571428571429
imennov_09,2.993617738996234,300,0.2789999999999997,2.3214285714285707
imennov_09,3.3390351704188763,300,0.2769999999999999,2.5892857142857144
imennov_09,3.684452601841519,300,0.2750000000000001,2.8571428571428568
imennov_09,4.029870033264161,300,0.2729999999999998,3.125
imennov_09,4.375287464686804,300,0.2719999999999997,3.3928571428571432
imennov_09,4.720704896109447,300,0.271,3.6607142857142856
imennov_09,5.066122327532089,300,0.271,3.928571428571429
imennov_09,5.41153975895473,300,0.26999999999999985,4.196428571428571
imennov_09,5.756957190377372,300,0.2689999999999997,4.464285714285714
imennov_09,6.102374621800016,300,0.2689999999999997,4.7321428571428585
imennov_09,6.447792053222657,300,0.268,5.0
imennov_09,3.693485260009765,500,0.4079999999999999,1.0
imennov_09,3.924328088760376,500,0.31999999999999995,1.0625
imennov_09,4.155170917510986,500,0.3119999999999998,1.125
imennov_09,4.386013746261597,500,0.3079999999999997,1.1875
imennov_09,4.616856575012207,500,0.304,1.2500000000000002
imennov_09,5.606182983943393,500,0.294,1.5178571428571428
imennov_09,6.595509392874581,500,0.2869999999999999,1.7857142857142856
imennov_09,7.584835801805768,500,0.2819999999999997,2.053571428571429
imennov_09,8.574162210736953,500,0.2789999999999997,2.3214285714285707
imennov_09,9.563488619668144,500,0.2759999999999997,2.5892857142857144
imennov_09,10.55281502859933,500,0.2739999999999999,2.8571428571428568
imennov_09,11.542141437530516,500,0.2719999999999997,3.125
imennov_09,12.531467846461705,500,0.271,3.3928571428571432
imennov_09,13.52079425539289,500,0.2689999999999997,3.6607142857142856
imennov_09,14.510120664324074,500,0.268,3.928571428571429
imennov_09,15.499447073255265,500,0.2669999999999999,4.196428571428571
imennov_09,16.488773482186453,500,0.2669999999999999,4.464285714285714
imennov_09,17.47809989111764,500,0.2659999999999997,4.7321428571428585
imennov_09,18.467426300048828,500,0.2650000000000001,5.000000000000001
imennov_09,7.9781532287597665,700,0.327,1.0625
imennov_09,8.447456359863281,700,0.3140000000000001,1.125
imennov_09,8.916759490966797,700,0.30899999999999983,1.1875
imennov_09,9.38606262207031,700,0.3049999999999997,1.2499999999999998
imennov_09,11.397361755371092,700,0.294,1.5178571428571428
imennov_09,13.408660888671873,700,0.2859999999999998,1.7857142857142856
imennov_09,15.419960021972654,700,0.281,2.053571428571429
imennov_09,17.431259155273438,700,0.2769999999999999,2.3214285714285707
imennov_09,19.44255828857422,700,0.2739999999999999,2.5892857142857144
imennov_09,21.453857421875,700,0.271,2.8571428571428568
imennov_09,23.46515655517578,700,0.2689999999999997,3.125
imennov_09,25.47645568847656,700,0.2669999999999999,3.3928571428571432
imennov_09,27.48775482177734,700,0.2659999999999997,3.6607142857142856
imennov_09,29.499053955078125,700,0.2650000000000001,3.928571428571429
imennov_09,31.510353088378906,700,0.2639999999999999,4.196428571428571
imennov_09,33.521652221679695,700,0.2619999999999996,4.464285714285714
imennov_09,35.53295135498047,700,0.2619999999999996,4.7321428571428585
imennov_09,37.54425048828124,700,0.26099999999999995,4.999999999999999
imennov_09,17.366588115692142,1000,0.3249999999999998,1.0625
imennov_09,18.38815212249756,1000,0.3129999999999999,1.125
imennov_09,19.409716129302982,1000,0.307,1.1875
imennov_09,20.4312801361084,1000,0.3029999999999999,1.25
imennov_09,24.809411593845915,1000,0.29100000000000004,1.5178571428571428
imennov_09,29.18754305158343,1000,0.2819999999999997,1.7857142857142856
imennov_09,33.56567450932095,1000,0.2769999999999999,2.053571428571429
imennov_09,37.943805967058466,1000,0.2719999999999997,2.3214285714285707
imennov_09,42.321937424795976,1000,0.268,2.5892857142857144
imennov_09,46.70006888253349,1000,0.2659999999999997,2.8571428571428568
imennov_09,51.078200340270996,1000,0.2629999999999998,3.125
imennov_09,55.45633179800853,1000,0.26099999999999995,3.3928571428571432
imennov_09,59.83446325574603,1000,0.2589999999999997,3.6607142857142856
imennov_09,64.21259471348354,1000,0.25699999999999984,3.928571428571429
imennov_09,68.59072617122106,1000,0.2559999999999997,4.196428571428571
imennov_09,72.9688576289586,1000,0.255,4.464285714285714
imennov_09,77.34698908669611,1000,0.2529999999999998,4.7321428571428585
imennov_09,81.72512054443361,1000,0.2520000000000001,5.0
imennov_09,40.39888381958009,1500,0.35999999999999965,1.0
imennov_09,42.923814058303854,1500,0.3159999999999999,1.0625
imennov_09,45.448744297027595,1500,0.307,1.125
imennov_09,47.973674535751364,1500,0.30100000000000005,1.1875
imennov_09,50.49860477447512,1500,0.2959999999999998,1.25
imennov_09,61.3197343690055,1500,0.2829999999999998,1.5178571428571428
imennov_09,72.14086396353586,1500,0.2739999999999999,1.7857142857142856
imennov_09,82.96199355806627,1500,0.2669999999999999,2.053571428571429
imennov_09,93.78312315259664,1500,0.2619999999999996,2.3214285714285707
imennov_09,104.60425274712702,1500,0.25699999999999984,2.5892857142857144
imennov_09,115.42538234165741,1500,0.2539999999999999,2.8571428571428568
imennov_09,126.24651193618776,1500,0.24999999999999975,3.125
imennov_09,137.06764153071816,1500,0.24799999999999994,3.3928571428571432
imennov_09,147.88877112524855,1500,0.245,3.6607142857142856
imennov_09,158.7099007197789,1500,0.2429999999999997,3.928571428571429
imennov_09,169.5310303143093,1500,0.2409999999999999,4.196428571428571
imennov_09,180.3521599088397,1500,0.2390000000000001,4.464285714285714
imennov_09,191.17328950337009,1500,0.2369999999999998,4.7321428571428585
imennov_09,201.99441909790048,1500,0.235,5.0
imennov_09,76.92518234252933,2000,0.33,1.0
imennov_09,81.7330062389374,2000,0.307,1.0625
imennov_09,86.5408301353455,2000,0.29799999999999965,1.125
imennov_09,91.34865403175358,2000,0.2929999999999999,1.1875
imennov_09,96.15647792816166,2000,0.28800000000000003,1.25
imennov_09,116.76143748419628,2000,0.2729999999999998,1.5178571428571428
imennov_09,137.3663970402309,2000,0.2629999999999998,1.7857142857142854
imennov_09,157.97135659626562,2000,0.255,2.053571428571429
imennov_09,178.5763161523002,2000,0.2489999999999997,2.3214285714285707
imennov_09,199.18127570833488,2000,0.24399999999999986,2.5892857142857144
imennov_09,219.7862352643695,2000,0.23999999999999974,2.8571428571428568
imennov_09,240.39119482040414,2000,0.23599999999999965,3.125
imennov_09,260.9961543764388,2000,0.2329999999999997,3.3928571428571423
imennov_09,281.60111393247337,2000,0.2299999999999997,3.6607142857142856
imennov_09,302.20607348850797,2000,0.22699999999999976,3.928571428571429
imennov_09,322.8110330445427,2000,0.2239999999999998,4.196428571428571
imennov_09,343.4159926005774,2000,0.222,4.464285714285714
imennov_09,364.020952156612,2000,0.21899999999999997,4.7321428571428585
imennov_09,384.62591171264665,2000,0.21699999999999972,5.0
imennov_09,187.5864028930664,3000,0.2949999999999997,1.0
imennov_09,199.31055307388303,3000,0.284,1.0625
imennov_09,211.03470325469968,3000,0.2769999999999999,1.125
imennov_09,222.7588534355164,3000,0.2719999999999997,1.1875
imennov_09,234.48300361633298,3000,0.2669999999999999,1.25
imennov_09,284.7293615341186,3000,0.25099999999999995,1.5178571428571428
imennov_09,334.97571945190424,3000,0.2390000000000001,1.7857142857142854
imennov_09,385.22207736969,3000,0.2299999999999997,2.053571428571429
imennov_09,435.46843528747553,3000,0.22299999999999967,2.3214285714285707
imennov_09,485.7147932052612,3000,0.21699999999999972,2.5892857142857144
imennov_09,535.9611511230469,3000,0.21099999999999985,2.8571428571428568
imennov_09,586.2075090408325,3000,0.206,3.125
imennov_09,636.4538669586183,3000,0.2009999999999998,3.3928571428571432
imennov_09,686.7002248764037,3000,0.1969999999999997,3.6607142857142856
imennov_09,736.9465827941893,3000,0.1919999999999999,3.928571428571428
imennov_09,787.192940711975,3000,0.1879999999999998,4.196428571428571
imennov_09,837.4392986297607,3000,0.18499999999999986,4.464285714285714
imennov_09,887.6856565475465,3000,0.18099999999999972,4.7321428571428585
imennov_09,937.932014465332,3000,0.17700000000000007,5.0
imennov_09,612.5799320638181,5000,0.23999999999999974,1.0
imennov_09,650.8661778178068,5000,0.2329999999999997,1.0625
imennov_09,689.1524235717952,5000,0.22699999999999976,1.125
imennov_09,727.438669325784,5000,0.222,1.1875
imennov_09,765.7249150797727,5000,0.21699999999999972,1.25
imennov_09,929.8088254540096,5000,0.19899999999999995,1.5178571428571428
imennov_09,1093.8927358282463,5000,0.1839999999999997,1.7857142857142858
imennov_09,1257.9766462024838,5000,0.17199999999999985,2.053571428571429
imennov_09,1422.0605565767205,5000,0.1609999999999997,2.3214285714285707
imennov_09,1586.1444669509576,5000,0.15099999999999966,2.5892857142857144
imennov_09,1750.2283773251943,5000,0.14199999999999974,2.8571428571428568
imennov_09,1914.312287699432,5000,0.13299999999999987,3.125
imennov_09,2078.396198073668,5000,0.12499999999999968,3.3928571428571423
imennov_09,2242.4801084479054,5000,0.11699999999999992,3.6607142857142856
imennov_09,2406.5640188221428,5000,0.10899999999999972,3.928571428571429
imennov_09,2570.647929196379,5000,0.10199999999999966,4.196428571428571
imennov_09,2734.731839570617,5000,0.0939999999999999,4.464285714285714
imennov_09,2898.815749944854,5000,0.09200000000000008,4.7321428571428585
imennov_09,3062.899660319091,5000,0.07999999999999978,5.0
rattay_01,0.9314537048339844,200,4.405,1.0
rattay_01,0.9896695613861084,200,4.177,1.0625
rattay_01,1.0478854179382322,200,4.159,1.125
rattay_01,1.1061012744903562,200,4.15,1.1875
rattay_01,1.1643171310424805,200,4.144,1.25
rattay_01,1.413813659123012,200,4.129,1.5178571428571428
rattay_01,1.6633101872035434,200,4.121,1.7857142857142856
rattay_01,1.9128067152840749,200,4.114999999999998,2.053571428571429
rattay_01,2.1623032433646063,200,4.111000000000001,2.3214285714285707
rattay_01,2.4117997714451382,200,4.1080000000000005,2.5892857142857144
rattay_01,2.6612962995256697,200,4.105,2.8571428571428568
rattay_01,2.9107928276062007,200,4.1019999999999985,3.125
rattay_01,3.1602893556867326,200,4.1,3.3928571428571432
rattay_01,3.409785883767264,200,4.098999999999998,3.6607142857142856
rattay_01,3.659282411847796,200,4.097,3.928571428571429
rattay_01,3.908778939928327,200,4.096,4.196428571428571
rattay_01,4.158275468008858,200,4.0939999999999985,4.464285714285714
rattay_01,4.407771996089392,200,4.092999999999999,4.7321428571428585
rattay_01,4.657268524169922,200,4.092,5.0
rattay_01,2.523612976074219,300,4.406000000000001,1.0
rattay_01,2.681338787078858,300,4.1789999999999985,1.0625
rattay_01,2.8390645980834965,300,4.1610000000000005,1.125
rattay_01,2.9967904090881348,300,4.151999999999999,1.1875
rattay_01,3.154516220092774,300,4.146,1.25
rattay_01,3.830483981541225,300,4.1309999999999985,1.517857142857143
rattay_01,4.506451742989676,300,4.124,1.7857142857142854
rattay_01,5.182419504438129,300,4.1179999999999986,2.053571428571429
rattay_01,5.85838726588658,300,4.114,2.3214285714285707
rattay_01,6.534355027335033,300,4.111000000000001,2.5892857142857144
rattay_01,7.210322788783483,300,4.109,2.8571428571428568
rattay_01,7.886290550231934,300,4.106999999999998,3.125
rattay_01,8.562258311680385,300,4.105,3.3928571428571423
rattay_01,9.238226073128835,300,4.104,3.6607142857142856
rattay_01,9.914193834577288,300,4.1019999999999985,3.928571428571429
rattay_01,10.59016159602574,300,4.101,4.196428571428571
rattay_01,11.266129357474194,300,4.1,4.464285714285714
rattay_01,11.942097118922643,300,4.098999999999998,4.7321428571428585
rattay_01,12.618064880371096,300,4.098999999999998,5.0
rattay_01,10.10236740112305,500,4.4929999999999986,1.0
rattay_01,10.733765363693239,500,4.189,1.0625
rattay_01,11.365163326263433,500,4.17,1.125
rattay_01,11.996561288833623,500,4.1610000000000005,1.1875
rattay_01,12.627959251403814,500,4.155,1.25
rattay_01,15.333950519561773,500,4.142,1.5178571428571428
rattay_01,18.03994178771973,500,4.136,1.7857142857142856
rattay_01,20.74593305587769,500,4.132,2.053571428571429
rattay_01,23.451924324035648,500,4.129,2.3214285714285707
rattay_01,26.157915592193607,500,4.126,2.5892857142857144
rattay_01,28.863906860351573,500,4.123,2.8571428571428568
rattay_01,31.569898128509532,500,4.119999999999999,3.125
rattay_01,34.27588939666749,500,4.1160000000000005,3.3928571428571432
rattay_01,36.981880664825454,500,4.111999999999999,3.6607142857142856
rattay_01,39.687871932983406,500,4.106999999999998,3.928571428571429
rattay_01,42.393863201141365,500,4.101,4.196428571428571
rattay_01,45.09985446929932,500,4.092999999999999,4.464285714285714
rattay_01,47.8058457374573,500,4.085,4.7321428571428585
rattay_01,50.511837005615256,500,4.074999999999998,5.0
rattay_01,26.602649688720714,700,4.3439999999999985,1.0
rattay_01,28.26531529426575,700,4.2029999999999985,1.0625
rattay_01,29.927980899810795,700,4.186,1.125
rattay_01,31.590646505355835,700,4.177999999999999,1.1875
rattay_01,33.25331211090088,700,4.172,1.25
rattay_01,40.37902184895107,700,4.157,1.5178571428571428
rattay_01,47.50473158700126,700,4.142,1.7857142857142856
rattay_01,54.63044132505146,700,4.121,2.053571428571429
rattay_01,61.75615106310162,700,4.092,2.3214285714285707
rattay_01,68.88186080115183,700,4.049,2.5892857142857144
rattay_01,76.007570539202,700,3.98,2.8571428571428568
rattay_01,83.13328027725221,700,3.847,3.125
rattay_01,90.25899001530242,700,3.7680000000000002,3.3928571428571432
rattay_01,97.38469975335258,700,3.736,3.6607142857142856
rattay_01,104.51040949140275,700,3.719,3.928571428571429
rattay_01,111.63611922945296,700,3.709,4.196428571428571
rattay_01,118.76182896750315,700,3.701,4.464285714285714
rattay_01,125.88753870555335,700,3.695,4.7321428571428585
rattay_01,133.01324844360352,700,3.6910000000000003,5.0
rattay_01,78.45180630683898,1000,4.235999999999999,1.0625
rattay_01,83.06661844253541,1000,4.164,1.125
rattay_01,87.6814305782318,1000,4.114,1.1875
rattay_01,92.29624271392822,1000,4.056,1.25
rattay_01,112.07400900977,1000,3.766,1.5178571428571428
rattay_01,131.85177530561174,1000,3.716,1.7857142857142856
rattay_01,151.62954160145352,1000,3.698,2.053571428571429
rattay_01,171.40730789729525,1000,3.6879999999999993,2.3214285714285707
rattay_01,191.185074193137,1000,3.6809999999999987,2.5892857142857144
rattay_01,210.9628404889788,1000,3.676,2.8571428571428568
rattay_01,230.74060678482056,1000,3.672,3.125
rattay_01,250.51837308066231,1000,3.669,3.3928571428571432
rattay_01,270.2961393765041,1000,3.6660000000000004,3.6607142857142856
rattay_01,290.0739056723458,1000,3.663,3.928571428571429
rattay_01,309.85167196818765,1000,3.6609999999999987,4.196428571428571
rattay_01,329.6294382640294,1000,3.659,4.464285714285714
rattay_01,349.4072045598712,1000,3.658,4.7321428571428585
rattay_01,369.1849708557129,1000,3.656,5.0
rattay_01,155.18248677253732,1500,3.874,1.1875
rattay_01,163.34998607635504,1500,3.801,1.25
rattay_01,198.35355452128826,1500,3.719,1.5178571428571428
rattay_01,233.35712296622145,1500,3.697,1.7857142857142856
rattay_01,268.36069141115473,1500,3.6860000000000004,2.053571428571429
rattay_01,303.36425985608787,1500,3.679,2.3214285714285707
rattay_01,338.3678283010212,1500,3.674,2.5892857142857144
rattay_01,373.37139674595437,1500,3.67,2.8571428571428568
rattay_01,408.3749651908876,1500,3.6660000000000004,3.125
rattay_01,443.3785336358209,1500,3.663,3.3928571428571432
rattay_01,478.382102080754,1500,3.6609999999999987,3.6607142857142856
rattay_01,513.3856705256874,1500,3.659,3.928571428571429
rattay_01,548.3892389706205,1500,3.657,4.196428571428571
rattay_01,583.3928074155538,1500,3.655,4.464285714285714
rattay_01,618.396375860487,1500,3.653,4.7321428571428585
rattay_01,653.3999443054201,1500,3.652,5.0
rattay_01,239.24607131630185,2000,3.9,1.0625
rattay_01,253.31936962902543,2000,3.807,1.125
rattay_01,267.39266794174915,2000,3.766,1.1875
rattay_01,281.46596625447273,2000,3.7430000000000003,1.25
rattay_01,341.7801018804312,2000,3.704,1.5178571428571428
rattay_01,402.0942375063896,2000,3.689,1.7857142857142856
rattay_01,462.4083731323482,2000,3.68,2.053571428571429
rattay_01,522.7225087583065,2000,3.674,2.3214285714285707
rattay_01,583.0366443842652,2000,3.669,2.5892857142857144
rattay_01,643.3507800102235,2000,3.6660000000000004,2.8571428571428568
rattay_01,703.664915636182,2000,3.662,3.125
rattay_01,763.9790512621404,2000,3.66,3.3928571428571432
rattay_01,824.2931868880987,2000,3.657,3.6607142857142856
rattay_01,884.6073225140573,2000,3.655,3.928571428571429
rattay_01,944.9214581400156,2000,3.653,4.196428571428571
rattay_01,1005.2355937659744,2000,3.652,4.464285714285714
rattay_01,1065.5497293919327,2000,3.65,4.7321428571428585
rattay_01,1125.863865017891,2000,3.649,5.0
rattay_01,575.2879731357096,3000,3.812,1.0
rattay_01,611.2434714566915,3000,3.765,1.0625
rattay_01,647.1989697776734,3000,3.7399999999999993,1.125
rattay_01,683.1544680986552,3000,3.7259999999999986,1.1875
rattay_01,719.1099664196371,3000,3.716,1.25
rattay_01,873.2049592238451,3000,3.693,1.5178571428571428
rattay_01,1027.299952028053,3000,3.682,1.7857142857142856
rattay_01,1181.3949448322612,3000,3.674,2.053571428571429
rattay_01,1335.4899376364688,3000,3.669,2.3214285714285707
rattay_01,1489.5849304406768,3000,3.665,2.5892857142857144
rattay_01,1643.6799232448845,3000,3.6609999999999987,2.8571428571428568
rattay_01,1797.7749160490928,3000,3.658,3.125
rattay_01,1951.8699088533008,3000,3.656,3.3928571428571432
rattay_01,2105.964901657509,3000,3.654,3.660714285714286
rattay_01,2260.059894461717,3000,3.652,3.928571428571429
rattay_01,2414.154887265924,3000,3.65,4.196428571428571
rattay_01,2568.2498800701323,3000,3.6479999999999992,4.464285714285714
rattay_01,2722.344872874341,3000,3.647,4.7321428571428585
rattay_01,2876.4398656785484,3000,3.645,5.0
rattay_01,2256.600713729858,5000,3.754,1.0
rattay_01,2397.638258337974,5000,3.7329999999999988,1.0625
rattay_01,2538.6758029460902,5000,3.7199999999999993,1.125
rattay_01,2679.713347554206,5000,3.7110000000000003,1.1875
rattay_01,2820.7508921623216,5000,3.704,1.25
rattay_01,3425.1975119113918,5000,3.687,1.5178571428571428
rattay_01,4029.64413166046,5000,3.677,1.7857142857142856
rattay_01,4634.090751409532,5000,3.6710000000000003,2.053571428571429
rattay_01,5238.537371158598,5000,3.6660000000000004,2.3214285714285707
rattay_01,5842.983990907668,5000,3.662,2.5892857142857144
rattay_01,6447.430610656737,5000,3.658,2.8571428571428568
rattay_01,7051.877230405807,5000,3.656,3.125
rattay_01,7656.323850154876,5000,3.653,3.3928571428571432
rattay_01,8260.770469903944,5000,3.6510000000000002,3.660714285714286
rattay_01,8865.217089653011,5000,3.649,3.928571428571429
rattay_01,9469.663709402084,5000,3.647,4.196428571428571
rattay_01,10074.110329151152,5000,3.645,4.464285714285714
rattay_01,10678.55694890022,5000,3.644,4.7321428571428585
rattay_01,11283.003568649287,5000,3.642,5.0
